brand,model,price,storage,ram,screen,camera,battery
Apple,iPhone 13 Pro,999,128,6,6.1,12,3095
Samsung,Galaxy S21 Ultra,1199,256,12,6.8,108,5000
OnePlus,9 Pro,899,128,8,6.7,48,4500
Xiaomi,Redmi Note 10 Pro,279,128,6,6.67,64,5020
Google,Pixel 6,799,128,8,6.4,50,4614
Apple,iPhone 13,799,128,4,6.1,12,2815
Samsung,Galaxy Z Flip3,999,256,8,6.7,12,3300
Xiaomi,Poco X3 Pro,249,128,6,6.67,48,5160
Oppo,Reno6 Pro+ 5G,699,128,8,6.55,50,4500
Vivo,X70 Pro+,1199,256,12,6.78,50,4500
OnePlus,Nord CE 5G,329,128,6,6.43,64,4500
Samsung,Galaxy A52s 5G,449,128,6,6.5,64,4500
Realme,GT Neo2,329,128,8,6.62,64,5000
Apple,iPhone 12 Mini,699,64,4,5.4,12,2227
Oppo,Find X3 Pro,1199,256,12,6.7,50,4500
Xiaomi,Mi 11 Lite 5G NE,329,128,6,6.55,64,4250
Samsung,Galaxy S21,799,128,8,6.2,64,4000
Vivo,Y20s (G),199,128,6,6.51,50,5000
Realme,8s 5G,299,128,6,6.5,48,5000
Oppo,A94,379,128,8,6.43,48,4310
Xiaomi,Redmi 10 Prime,179,128,6,6.5,50,6000
Samsung,Galaxy A22 5G,279,128,4,6.6,48,5000
Realme,Narzo 50 Pro 5G,249,128,6,6.5,48,5000
OnePlus,Realme 9,729,128,8,6.55,48,4500
Xiaomi,Redmi Note 10 Pro Max,279,128,6,6.67,108,5020
Apple,iPhone 11,599,64,4,6.1,12,3110
Samsung,Galaxy A03s,139,32,3,6.5,13,5000
Oppo,A74 5G,299,128,6,6.5,48,5000
Vivo,Y12s (2021),139,32,3,6.51,13,5000
Realme,Realme 9i,189,128,4,6.5,50,6000
